<?xml version="1.0" encoding="UTF-8"?>
<launch4jConfig>
  <dontWrapJar>false</dontWrapJar>
  <headerType>gui</headerType>
  <jar>E:\work project\project\out\artifacts\Notepad_jar2\Notepad.jar</jar>
  <outfile>E:\LeafApplication\LeafApplication.exe</outfile>
  <errTitle>This program needs java runtime interface to run</errTitle>
  <cmdLine></cmdLine>
  <chdir>.</chdir>
  <priority>normal</priority>
  <downloadUrl>https://www.java.com/download</downloadUrl>
  <supportUrl></supportUrl>
  <stayAlive>false</stayAlive>
  <restartOnCrash>false</restartOnCrash>
  <manifest></manifest>
  <icon>E:\LeafApplication\images\logo.ico</icon>
  <singleInstance>
    <mutexName>LeafApplication </mutexName>
    <windowTitle>LeafApplication </windowTitle>
  </singleInstance>
  <jre>
    <path>%JAVA_HOME%;%PATH%</path>
    <requiresJdk>false</requiresJdk>
    <requires64Bit>false</requires64Bit>
    <minVersion>1.0</minVersion>
    <maxVersion></maxVersion>
  </jre>
  <versionInfo>
    <fileVersion>1.0.0.0</fileVersion>
    <txtFileVersion>1.0</txtFileVersion>
    <fileDescription>This application is notepad but with additional properties and better user interface</fileDescription>
    <copyright>All right reserved  to LeafApplication</copyright>
    <productVersion>1.0.0.0</productVersion>
    <txtProductVersion>1.0</txtProductVersion>
    <productName>LeafApplication </productName>
    <companyName>LeafApplication </companyName>
    <internalName>LeafApplication </internalName>
    <originalFilename>LeafApplication.exe</originalFilename>
    <trademarks></trademarks>
    <language>ENGLISH_US</language>
  </versionInfo>
</launch4jConfig>